first_name,last_name,email
Arny,Streeten,astreeten0@cdc.gov
Erik,Sanper,esanper1@simplemachines.org
Enrica,Brockway,ebrockway2@si.edu
Chloette,Gritton,cgritton3@people.com.cn
Vivyanne,Humphery,vhumphery4@bloglovin.com
Sean,Dewdeny,sdewdeny5@google.fr
Constanta,Shenfish,cshenfish6@samsung.com
Cariotta,Velden,cvelden7@rakuten.co.jp
Coleman,Tedorenko,ctedorenko8@etsy.com
Sissie,Yon,syon9@ucoz.com
Rhea,Dudman,rdudmana@cornell.edu
Martina,Sollars,msollarsb@japanpost.jp
Alyce,Fallis,afallisc@cnn.com
Clayborn,Chatterton,cchattertond@statcounter.com
Shelby,Nevin,snevine@bandcamp.com
Merla,Sealove,msealovef@gizmodo.com
Philip,Stennet,pstennetg@delicious.com
Corinna,Antonio,cantonioh@comsenz.com
Feodor,Agus,fagusi@github.com
Aldo,Etty,aettyj@bizjournals.com
Claresta,Child,cchildk@reddit.com
Merrie,Ferbrache,mferbrachel@w3.org
Windham,Willarton,wwillartonm@phpbb.com
Glenna,Veillard,gveillardn@wunderground.com
Nelly,Mariner,nmarinero@joomla.org
Jeremias,Girling,jgirlingp@github.com
Bobbye,Mailes,bmailesq@va.gov
Randa,Orviss,rorvissr@bbb.org
Tobias,Mattiussi,tmattiussis@umn.edu
Augustin,Chestnutt,achestnuttt@fda.gov
Rogers,Scallan,rscallanu@chronoengine.com
Keelby,Stockle,kstocklev@dagondesign.com
Sonny,Yglesia,syglesiaw@list-manage.com
Parnell,Gaffon,pgaffonx@techcrunch.com
Thaxter,Scedall,tscedally@hc360.com
Ward,Balentyne,wbalentynez@who.int
Royal,Bartleet,rbartleet10@yolasite.com
Barnabe,Bruff,bbruff11@google.fr
Doug,Sangwin,dsangwin12@squarespace.com
Jarrett,Gallifont,jgallifont13@home.pl
Kele,Clapton,kclapton14@edublogs.org
Beulah,Rickets,brickets15@ucsd.edu
Tiffi,Moxley,tmoxley16@nifty.com
Ayn,Kinnerk,akinnerk17@slideshare.net
Farlie,Fielden,ffielden18@nba.com
Lira,O'Gaven,logaven19@nih.gov
Tobias,Pennini,tpennini1a@friendfeed.com
Kaitlin,Pound,kpound1b@blogs.com
Bobbi,Longdon,blongdon1c@techcrunch.com
Mimi,Kermannes,mkermannes1d@dot.gov
Sebastiano,Hutson,shutson1e@flavors.me
Rodolfo,Atack,ratack1f@cnet.com
Junette,Escoffier,jescoffier1g@japanpost.jp
Elfrida,Shearn,eshearn1h@accuweather.com
Solomon,Lomis,slomis1i@tinyurl.com
Shaun,Stennings,sstennings1j@google.es
Carolan,Armfield,carmfield1k@squidoo.com
Gray,Barby,gbarby1l@wufoo.com
Celine,Tremollet,ctremollet1m@people.com.cn
Gussy,Sweedland,gsweedland1n@lycos.com
Stanislaus,Ledgister,sledgister1o@about.me
Heloise,Axelby,haxelby1p@jigsy.com
Brook,Ledgard,bledgard1q@ezinearticles.com
Arabela,Morando,amorando1r@plala.or.jp
Vonny,Oliver,voliver1s@privacy.gov.au
Caspar,Barrabeale,cbarrabeale1t@home.pl
Delcina,Rosenstiel,drosenstiel1u@dyndns.org
Kym,Slatten,kslatten1v@cnn.com
Ameline,Legier,alegier1w@free.fr
Kareem,Humber,khumber1x@chicagotribune.com
Aeriela,Abram,aabram1y@4shared.com
Stewart,Stebbin,sstebbin1z@jalbum.net
Kin,Beeken,kbeeken20@unc.edu
Cassaundra,Calleja,ccalleja21@mapquest.com
Ramsey,Dwane,rdwane22@wikimedia.org
Smitty,Domerque,sdomerque23@a8.net
Linoel,Brognot,lbrognot24@1688.com
Annabela,Surby,asurby25@mit.edu
Sofie,Geffcock,sgeffcock26@weather.com
Veronike,Dubarry,vdubarry27@wikimedia.org
Chrysa,Aggis,caggis28@php.net
Arturo,Heald,aheald29@psu.edu
Swen,Gillitt,sgillitt2a@artisteer.com
Viola,Tregust,vtregust2b@reverbnation.com
Jilli,Goldson,jgoldson2c@pinterest.com
Sarine,Leveritt,sleveritt2d@printfriendly.com
Cathrine,Metzel,cmetzel2e@blinklist.com
Evered,Rosenqvist,erosenqvist2f@cpanel.net
Dita,Anselmi,danselmi2g@usa.gov
Druci,Barca,dbarca2h@smh.com.au
Elmore,Foux,efoux2i@goo.ne.jp
Therine,Besnard,tbesnard2j@google.com.hk
Florence,Trotter,ftrotter2k@unicef.org
Slade,Shird,sshird2l@gravatar.com
Porter,O'Canavan,pocanavan2m@gmpg.org
Robinette,Bramhill,rbramhill2n@yellowbook.com
Jule,Currum,jcurrum2o@unc.edu
Adriena,Tewkesberrie,atewkesberrie2p@amazonaws.com
Janetta,Cosyns,jcosyns2q@census.gov
Remy,Werrit,rwerrit2r@soup.io
agus,real,agus@gmail.com
